cluster	name
cluster_001	hoxa9a/hoxa9b(2)
cluster_002	emx3
cluster_003	klf17+irf6+egr3(1)
cluster_004	klf13
cluster_005	nkx3-2+gata4/gata5/gata6+onecut1
cluster_006	cdx1a
cluster_007	hnf4a/hnf4b/rxrbb
cluster_008	maza
cluster_009	klf3/klf8+znf740a/znf740b+hoxc10a
cluster_010	hoxa9a/hoxa9b(4)
cluster_011	tcf12+znf740a/znf740b
cluster_012	sox19a/sox19b/sox3
cluster_013	gata2a/gata4/gata5/gata6
cluster_014	foxa/foxa2/foxa3(7)
cluster_015	sox19a/sox19b/sox3+pou5f3(2)
cluster_016	Tbx16+znf740a/znf740b
cluster_017	sox19a/sox19b/sox3+pou5f3/nanog(1)
cluster_018	double tbxta/tbx16(1)
cluster_019	tbx16(1)
cluster_020	foxa/foxa2/foxa3(4)
cluster_021	zic1/zic3
cluster_022	nfya
cluster_023	ctcf(4)
cluster_024	otx2a/2b/gsc
cluster_025	zbtb14(2)
cluster_026	zic3/zic4(1)
cluster_027	sox19a/sox19b/sox3+pou5f3(4)
cluster_028	etv4
cluster_029	tbx16(2)
cluster_030	grhl1/grhl3
cluster_031	hoxb2a
cluster_032	june
cluster_033	znf740a/znf740b(1)
cluster_034	hnf4g
cluster_035	myod1/zbtb18
cluster_036	sox19a/sox19b/sox3+pou5f3(1)
cluster_037	double tbx16(1)
cluster_038	foxa/foxa2/foxa3(6)
cluster_039	patz1(2)
cluster_040	gata4/gata5/gata6
cluster_041	Can’t annotate
cluster_042	zic3/zic4(2)
cluster_043	foxa/foxa2/foxa3(3)
cluster_044	tfdp1a
cluster_045	sox19a/sox19b/sox3+znf740a/znf740b
cluster_046	ctcf(3)
cluster_047	patz1(1)
cluster_048	tead3a/tead3b(2)
cluster_049	foxa/foxa2/foxa3(1)
cluster_050	pou5f3(2)
cluster_051	ctcf(7)
cluster_052	nr2f6a/nr2f6b(1)
cluster_053	nr2f6a/nr2f6b(2)
cluster_054	foxa/foxa2/foxa3(2)
cluster_055	tfap2a/tfap2c(1)
cluster_056	mgaa
cluster_057	tead3a/tead3b(1)
cluster_058	tbx16/tbxta+znf740a/znf740b
cluster_059	zic3/zic4+sox19a/sox19b/sox3
cluster_060	ctcf(5)
cluster_061	sox19a/sox19b/sox3+pou5f3(3)
cluster_062	zic3/zic4
cluster_063	double gata4/gata5/gata6(1)
cluster_064	double tbx16(2)
cluster_065	myod1/neurod1
cluster_066	cebpb(1)
cluster_067	rfx3
cluster_068	ctcf(6)
cluster_069	pou5f3/nanog
cluster_070	zbtb14(1)
cluster_071	klf17(2)
cluster_072	tbxta/tbx16(1)
cluster_073	sox19a/sox19b/sox3+znf423
cluster_074	tfap2a/2c
cluster_075	sox19a/sox19b/sox3+pou5f3/nanog(2)
cluster_076	rreb1a(1)
cluster_077	znf740a/znf740b(2)
cluster_078	klf17(1)
cluster_079	ctcf(1)
cluster_080	klf17/klf4(1)
cluster_081	cebpb(2)
cluster_082	hoxa9a/hoxa9b(3)
cluster_083	hnf1ba/bb
cluster_084	hoxa9a/hoxa9b(1)
cluster_085	tp53/tp63(1)
cluster_086	half tead3a/tead3b+klf17/klf4
cluster_087	onecut1
cluster_088	gata2a(1)
cluster_089	foxa/foxa2/foxa3+znf740a/znf740b
cluster_090	half cebpb+cebpb
cluster_091	klf17+irf6+egr3(2)
cluster_092	double foxa/foxa2/foxa3(1)
cluster_093	six1b
cluster_094	foxa/foxa2/foxa3+tfap4
cluster_095	half grhl1/grhl3+tead3a/tead3b
cluster_096	double foxa/foxa2/foxa3(2)
cluster_097	Can’t annotate
cluster_098	foxa/foxa2/foxa3+twist2
cluster_099	mxtx2
cluster_100	Can’t annotate
cluster_101	pou5f3(1)
cluster_102	ctcf(2)
cluster_103	mecom/rlf
cluster_104	gata2a(2)
cluster_105	pou5f3/nanog+sp1
cluster_106	Can’t annotate
cluster_107	tfap2a/tfap2c(2)
cluster_108	gata5/gata6
cluster_109	foxa/foxa2/foxa3+klf17/klf4
cluster_110	half mxtx2+half gata4/gata5/gata6
cluster_111	ctcf(9)
cluster_112	tp53/tp63(2)
cluster_113	Can’t annotate
cluster_114	tbxta/tbx16(2)
cluster_115	Can’t annotate
cluster_116	nr2f6a/nr2f6b
cluster_117	double gata5/gata6(1)
cluster_118	double gata5/gata6(2)
cluster_119	double tbxta/tbx16(2)
cluster_120	half grhl1/grhl3
cluster_121	double gata4/gata5/gata6(2)
cluster_122	tbxta/tbx16(3)
cluster_123	Can’t annotate
cluster_124	ctcf-8
cluster_125	tbxta/tbx16+sox19a/sox19b/sox3
cluster_126	Can’t annotate
cluster_127	Can’t annotate
cluster_128	Can’t annotate
cluster_129	pou5f3/nanog+klf17/klf4
cluster_130	tcf7/tcf21
cluster_131	foxa/foxa2/foxa3+gsc/otx2a(1)
cluster_132	sox19a/sox19b/sox3+pou5f3(5)
cluster_133	foxa/foxa2/foxa3(5)
cluster_134	tbxta/tbx16(4)
cluster_135	klf6a
cluster_136	double otx2a/2b
cluster_137	foxa/foxa2/foxa3+gsc/otx2a(2)
cluster_138	rreb1a(2)
cluster_139	otx2a/2b+rreb1a
cluster_140	Can’t annotate
cluster_141	Can’t annotate
cluster_142	zic4/6
cluster_143	maza/zb
cluster_144	doubel tcf3a
cluster_145	Can’t annotate
cluster_146	Can’t annotate
cluster_147	Can’t annotate
cluster_148	half tp53/tp63+tfap2a/tfap2c
cluster_149	half tp53/tp63+gata2a
cluster_150	Can’t annotate
cluster_151	double sox19a/sox19b/sox3(1)
cluster_152	Can’t annotate
cluster_153	double sox19a/sox19b/sox3(2)
cluster_154	Can’t annotate
cluster_155	Can’t annotate
cluster_156	myog
cluster_157	myf6
cluster_158	klf17/klf4(2)
cluster_159	klf12b
